{
  "project_info": {
    "project_number": "730191756845",
    "project_id": "login-cb670",
    "storage_bucket": "login-cb670.appspot.com"
  },
  "client": [
    {
      "client_info": {
        "mobilesdk_app_id": "1:730191756845:android:451d4be5724bbf514482a4",
        "android_client_info": {
          "package_name": "iit.helal.gallery_storage"
        }
      },
      "oauth_client": [
        {
          "client_id": "730191756845-4tptma2nmbqpdb91cmm2m8i0nrcnejk3.apps.googleusercontent.com",
          "client_type": 3
        }
      ],
      "api_key": [
        {
          "current_key": "AIzaSyDDKso0eoK722U57HOTK-Mgh_R64-KdzgE"
        }
      ],
      "services": {
        "appinvite_service": {
          "other_platform_oauth_client": [
            {
              "client_id": "730191756845-4tptma2nmbqpdb91cmm2m8i0nrcnejk3.apps.googleusercontent.com",
              "client_type": 3
            }
          ]
        }
      }
    },
    {
      "client_info": {
        "mobilesdk_app_id": "1:730191756845:android:c2a2f8b4f27649a14482a4",
        "android_client_info": {
          "package_name": "iit.helal.login"
        }
      },
      "oauth_client": [
        {
          "client_id": "730191756845-4tptma2nmbqpdb91cmm2m8i0nrcnejk3.apps.googleusercontent.com",
          "client_type": 3
        }
      ],
      "api_key": [
        {
          "current_key": "AIzaSyDDKso0eoK722U57HOTK-Mgh_R64-KdzgE"
        }
      ],
      "services": {
        "appinvite_service": {
          "other_platform_oauth_client": [
            {
              "client_id": "730191756845-4tptma2nmbqpdb91cmm2m8i0nrcnejk3.apps.googleusercontent.com",
              "client_type": 3
            }
          ]
        }
      }
    }
  ],
  "configuration_version": "1"
}